courseCode,dateAndTime,Session,roomNo,nStudents,rollNo
BM 516H,06-05-2023 (9:00-12:00),Forenoon,3003,22,All Registered Students
BM 517H,07-05-2023 (9:00-12:00),Forenoon,L1,18,All Registered Students
BM 518H,08-05-2023 (9:00-12:00),Forenoon,3003,16,All Registered Students
BM 519H,09-05-2023 (9:00-12:00),Forenoon,3003,23,All Registered Students
BM 520H,10-05-2023 (9:00-12:00),Forenoon,3003,19,All Registered Students
BT 202M,11-05-2023 (9:00-12:00),Forenoon,3003,6,All Registered Students
BT 206,09-05-2023 (9:00-12:00),Forenoon,2201,38,Backloggers + 210106001  to  210106043
BT 206,09-05-2023 (9:00-12:00),Forenoon,2203,36,210106044  to  210106085
BT 207,08-05-2023 (9:00-12:00),Forenoon,3101,23,Backloggers + 200106039  to  210106024
BT 207,08-05-2023 (9:00-12:00),Forenoon,3102,23,210106025  to  210106050
BT 207,08-05-2023 (9:00-12:00),Forenoon,3202,30,210106051  to  210106085
BT 208,06-05-2023 (9:00-12:00),Forenoon,L2,36,210106001  to  210106043
BT 208,06-05-2023 (9:00-12:00),Forenoon,L3,36,210106044  to  210106085
BT 209,07-05-2023 (9:00-12:00),Forenoon,2201,36,Backloggers + 210106001  to  210106042
BT 209,07-05-2023 (9:00-12:00),Forenoon,2203,36,210106043  to  210106085
BT 302M,12-05-2023 (14:00-17:00),Afternoon,3003,2,All Registered Students
BT 305,06-05-2023 (14:00-17:00),Afternoon,2201,37,Backloggers + 200106001  to  200106041
BT 305,06-05-2023 (14:00-17:00),Afternoon,2202,27,200106042  to  200106074
BT 306,07-05-2023 (14:00-17:00),Afternoon,2203,36,200106001  to  200106042
BT 306,07-05-2023 (14:00-17:00),Afternoon,2204,26,200106043  to  200106074
BT 307,08-05-2023 (14:00-17:00),Afternoon,2201,36,200106001  to  200106042
BT 307,08-05-2023 (14:00-17:00),Afternoon,2202,27,"200106043  to  200106074, 224156011"
BT 308,09-05-2023 (14:00-17:00),Afternoon,1201,30,200106001  to  200106036
BT 308,09-05-2023 (14:00-17:00),Afternoon,1205,33,"200106037  to  200106074, 214107016"
BT 502,06-05-2023 (9:00-12:00),Forenoon,3101,24,224106001  to  224106025
BT 502,06-05-2023 (9:00-12:00),Forenoon,3102,23,"224106026  to  224106043 , 226106008  to  226106112"
BT 504,09-05-2023 (9:00-12:00),Forenoon,2101,23,224106001  to  224106024
BT 504,09-05-2023 (9:00-12:00),Forenoon,2102,21,"224106025  to  224106043 , 226106009  to  226106111"
BT 522,09-05-2023 (9:00-12:00),Forenoon,3003,11,All Registered Students
BT 523,07-05-2023 (9:00-12:00),Forenoon,3003,10,All Registered Students
BT 524,06-05-2023 (9:00-12:00),Forenoon,3003,10,All Registered Students
BT 601,12-05-2023 (9:00-12:00),Forenoon,4201,30,200106001  to  200106049
BT 601,12-05-2023 (9:00-12:00),Forenoon,4202,29,"200106050  to  200106074, 226106025  to  226152104"
BT 607,06-05-2023 (14:00-17:00),Afternoon,1002,30,190106003  to  190106045
BT 607,06-05-2023 (14:00-17:00),Afternoon,1003,30,"190106046  to  190106075, 224106002  to  224111006"
BT 607,06-05-2023 (14:00-17:00),Afternoon,1005,14,"224111007  to  224111010, 226106005  to  226152104"
BT 608,07-05-2023 (9:00-12:00),Forenoon,4201,28,"Backloggers + 200106002  to  200106072 , 224106003  to
224106025"
BT 608,07-05-2023 (9:00-12:00),Forenoon,4G1,23,"224106027  to  224106041, 226106014  to  226152104"
BT 616,07-05-2023 (14:00-17:00),Afternoon,3003,19,All Registered Students
BT 619,09-05-2023 (14:00-17:00),Afternoon,3003,16,All Registered Students
BT 624,11-05-2023 (14:00-17:00),Afternoon,3202,27,All Registered Students
BT 630,11-05-2023 (9:00-12:00),Forenoon,3003,10,All Registered Students
BT 634,09-05-2023 (14:00-17:00),Afternoon,1002,32,"180106045, 190106002  to  190106038"
BT 634,09-05-2023 (14:00-17:00),Afternoon,1003,32,"190106039  to  190106075, 224106004  to  224106006"
BT 634,09-05-2023 (14:00-17:00),Afternoon,1005,29,"224106009  to  224111010, 226106004  to  226106113"
BT 638,07-05-2023 (9:00-12:00),Forenoon,1002,30,190106002  to  190106040
BT 638,07-05-2023 (9:00-12:00),Forenoon,1003,30,"190106041  to  190106075, 224106004  to  224106007"
BT 638,07-05-2023 (9:00-12:00),Forenoon,1005,15,"224106014  to  224106037, 226106102  to  226159101"
BT 640,07-05-2023 (14:00-17:00),Afternoon,3101,9,All Registered Students
BT 651,06-05-2023 (14:00-17:00),Afternoon,3003,11,All Registered Students
CE 201,06-05-2023 (9:00-12:00),Forenoon,L2,36,"200104014, 210104001   to  210104036"
CE 201,06-05-2023 (9:00-12:00),Forenoon,L3,36,210104037  to  210104080
CE 201,06-05-2023 (9:00-12:00),Forenoon,L4,35,210104081  to  210104118
CE 205,07-05-2023 (9:00-12:00),Forenoon,L2,37,Backloggers + 210104001  to  210104033
CE 205,07-05-2023 (9:00-12:00),Forenoon,L3,37,210104034  to  210104077
CE 205,07-05-2023 (9:00-12:00),Forenoon,L4,37,210104078  to  210104118
CE 206,08-05-2023 (9:00-12:00),Forenoon,L1,33,Backloggers + 210104001  to  210104031
CE 206,08-05-2023 (9:00-12:00),Forenoon,L2,38,210104032  to  210104075
CE 206,08-05-2023 (9:00-12:00),Forenoon,L3,38,210104077  to  210104118
CE 220,10-05-2023 (9:00-12:00),Forenoon,L2,37,Backloggers + 210104001  to  210104037
CE 220,10-05-2023 (9:00-12:00),Forenoon,L3,37,210104038  to  210104082
CE 220,10-05-2023 (9:00-12:00),Forenoon,L4,36,210104083  to  210104118
CE 222,09-05-2023 (9:00-12:00),Forenoon,L2,38,Backloggers + 210104001  to  210104034
CE 222,09-05-2023 (9:00-12:00),Forenoon,L3,38,210104035  to  210104080
CE 222,09-05-2023 (9:00-12:00),Forenoon,L4,36,"210104081  to  210104118 , x220103123"
CE 308,09-05-2023 (14:00-17:00),Afternoon,L2,36,Backloggers + 200104001  to  200104039
CE 308,09-05-2023 (14:00-17:00),Afternoon,L3,36,200104040  to  200104083
CE 308,09-05-2023 (14:00-17:00),Afternoon,L4,35,200104084  to  200104118
CE 309,08-05-2023 (14:00-17:00),Afternoon,5201,26,Backloggers + 200104001  to  200104028
CE 309,08-05-2023 (14:00-17:00),Afternoon,5202,26,200104029  to  200104058
CE 309,08-05-2023 (14:00-17:00),Afternoon,5203,26,200104059  to  200104088
CE 309,08-05-2023 (14:00-17:00),Afternoon,5204,26,200104089  to  200104118
CE 320,07-05-2023 (14:00-17:00),Afternoon,L2,36,Backloggers + 200104001  to  200104038
CE 320,07-05-2023 (14:00-17:00),Afternoon,L3,35,200104039  to  200104079
CE 320,07-05-2023 (14:00-17:00),Afternoon,L4,32,200104080  to  200104118
CE 322,06-05-2023 (14:00-17:00),Afternoon,L1,31,Backloggers + 200104001  to  200104034
CE 322,06-05-2023 (14:00-17:00),Afternoon,L2,36,200104035  to  200104076
CE 322,06-05-2023 (14:00-17:00),Afternoon,L3,36,"200104077  to  200104118, X220103122"
CE 324,10-05-2023 (14:00-17:00),Afternoon,L1,33,Backloggers + 200104001  to  200104036
CE 324,10-05-2023 (14:00-17:00),Afternoon,L2,37,200104037  to  200104079
CE 324,10-05-2023 (14:00-17:00),Afternoon,L3,32,200104080  to  200104118
CE 504,06-05-2023 (9:00-12:00),Forenoon,3202,36,All Registered Students
CE 510,07-05-2023 (9:00-12:00),Forenoon,4202,26,All Registered Students
CE 511,10-05-2023 (14:00-17:00),Afternoon,3202,31,All Registered Students
CE 524,09-05-2023 (9:00-12:00),Forenoon,4201,25,All Registered Students
CE 525,12-05-2023 (9:00-12:00),Forenoon,3202,33,All Registered Students
CE 533,07-05-2023 (14:00-17:00),Afternoon,4G1,24,All Registered Students
CE 555,10-05-2023 (9:00-12:00),Forenoon,5001,28,224104001  to  224104117
CE 555,10-05-2023 (9:00-12:00),Forenoon,5002,26,"224104118  to  224104622 , 226104005 , x220104117"
CE 556,08-05-2023 (14:00-17:00),Afternoon,4204,22,All Registered Students
CE 559,11-05-2023 (9:00-12:00),Forenoon,3202,35,All Registered Students
CE 562,06-05-2023 (14:00-17:00),Afternoon,4204,23,All Registered Students
CE 570,09-05-2023 (9:00-12:00),Forenoon,4202,23,All Registered Students
CE 573,08-05-2023 (9:00-12:00),Forenoon,4101,24,All Registered Students
CE 583,07-05-2023 (14:00-17:00),Afternoon,5201,25,190104001  to  190104030
CE 583,07-05-2023 (14:00-17:00),Afternoon,5202,25,190104031  to  190104065
CE 583,07-05-2023 (14:00-17:00),Afternoon,5203,25,190104067  to  190104096
CE 583,07-05-2023 (14:00-17:00),Afternoon,5204,24,"190104097  to  190104101 , 224104501  to  224104519"
CE 584,06-05-2023 (14:00-17:00),Afternoon,4G1,21,All Registered Students
CE 594,08-05-2023 (14:00-17:00),Afternoon,4101,28,190104012  to  190104075
CE 594,08-05-2023 (14:00-17:00),Afternoon,4104,25,"190104077  to  190104099, 224104001  to  224104011,
226104106  to  226104109, x220104117"
CE 595,10-05-2023 (14:00-17:00),Afternoon,4201,15,All Registered Students
CE 606,07-05-2023 (9:00-12:00),Forenoon,3202,33,All Registered Students
CE 607,09-05-2023 (9:00-12:00),Forenoon,4G1,12,All Registered Students
CE 608,06-05-2023 (14:00-17:00),Afternoon,4G2,6,All Registered Students
CE 609,07-05-2023 (14:00-17:00),Afternoon,5205,10,All Registered Students
CE 612,08-05-2023 (9:00-12:00),Forenoon,4G1,19,All Registered Students
CE 614,06-05-2023 (9:00-12:00),Forenoon,3003,10,All Registered Students
CE 615,08-05-2023 (14:00-17:00),Afternoon,4202,7,All Registered Students
CE 616,11-05-2023 (9:00-12:00),Forenoon,L3,38,190101001  to  190104063
CE 616,11-05-2023 (9:00-12:00),Forenoon,L4,36,"190104065  to  190123002, 224104404  to  224104427,
226104007  to  226104113"
CE 618,08-05-2023 (14:00-17:00),Afternoon,4201,22,All Registered Students
CE 622,08-05-2023 (14:00-17:00),Afternoon,4G1,20,All Registered Students
CE 623,09-05-2023 (14:00-17:00),Afternoon,3202,26,All Registered Students
CE 628,11-05-2023 (14:00-17:00),Afternoon,4G1,6,All Registered Students
CE 641,09-05-2023 (14:00-17:00),Afternoon,4G1,13,All Registered Students
CE 643,11-05-2023 (14:00-17:00),Afternoon,4G1,20,All Registered Students
CE 646,12-05-2023 (14:00-17:00),Afternoon,L4,34,All Registered Students
CE 648,06-05-2023 (14:00-17:00),Afternoon,4101,29,All Registered Students
CE 661,11-05-2023 (9:00-12:00),Forenoon,4G1,23,All Registered Students
CH 211,10-05-2023 (9:00-12:00),Forenoon,4201,29,210122002  to  210122035
CH 211,10-05-2023 (9:00-12:00),Forenoon,4202,25,210122036  to  210122065
CH 222,09-05-2023 (9:00-12:00),Forenoon,2202,28,210122002  to  210122034
CH 222,09-05-2023 (9:00-12:00),Forenoon,2204,27,210122035  to  210122065
CH 224,07-05-2023 (9:00-12:00),Forenoon,4101,30,Backloggers + 210122002  to  210122031
CH 224,07-05-2023 (9:00-12:00),Forenoon,4104,29,210122032  to  210122065
CH 233,06-05-2023 (9:00-12:00),Forenoon,4201,28,210122002  to  210122034
CH 233,06-05-2023 (9:00-12:00),Forenoon,4202,27,210122035  to  210122065
CH 323,09-05-2023 (14:00-17:00),Afternoon,4201,30,200122001  to  200122035
CH 323,09-05-2023 (14:00-17:00),Afternoon,4202,25,200122037  to  200122065
CH 332,07-05-2023 (14:00-17:00),Afternoon,4101,30,Backloggers + 200122001  to  200122032
CH 332,07-05-2023 (14:00-17:00),Afternoon,4104,27,200122035  to  200122065
CH 335,08-05-2023 (14:00-17:00),Afternoon,2203,30,200122001  to  200122035
CH 335,08-05-2023 (14:00-17:00),Afternoon,2204,25,200122037  to  200122065
CH 400,11-05-2023 (9:00-12:00),Forenoon,2203,34,222122001  to  222122034
CH 400,11-05-2023 (9:00-12:00),Forenoon,2204,25,222122035  to  222122059
CH 411,08-05-2023 (9:00-12:00),Forenoon,2201,32,222122001  to  222122032
CH 411,08-05-2023 (9:00-12:00),Forenoon,2202,27,222122033  to  222122059
CH 418,06-05-2023 (9:00-12:00),Forenoon,3101,24,190106014  to  190122027
CH 418,06-05-2023 (9:00-12:00),Forenoon,3102,24,190122029  to  190122057
CH 419,11-05-2023 (14:00-17:00),Afternoon,L1,31,Backloggers + 200102002  to  200102051
CH 419,11-05-2023 (14:00-17:00),Afternoon,L2,36,200102052  to  200102113
CH 419,11-05-2023 (14:00-17:00),Afternoon,L3,36,200102117  to  200106053
CH 419,11-05-2023 (14:00-17:00),Afternoon,L4,35,200106054  to  200107038
CH 419,11-05-2023 (14:00-17:00),Afternoon,1G1,24,200107039  to  200107070
CH 419,11-05-2023 (14:00-17:00),Afternoon,1G2,24,200107075  to  200108022
CH 419,11-05-2023 (14:00-17:00),Afternoon,1201,30,200108023  to  200108071
CH 419,11-05-2023 (14:00-17:00),Afternoon,1202,30,200108073  to  200122008
CH 419,11-05-2023 (14:00-17:00),Afternoon,1205,33,200122011  to  200122065
CH 421,09-05-2023 (9:00-12:00),Forenoon,1002,30,222122001  to  222122030
CH 421,09-05-2023 (9:00-12:00),Forenoon,1005,29,222122031  to  222122059
CH 428,07-05-2023 (9:00-12:00),Forenoon,3101,23,190122001  to  190122027
CH 428,07-05-2023 (9:00-12:00),Forenoon,3102,23,190122029  to  190122057
CH 432,06-05-2023 (9:00-12:00),Forenoon,4101,30,222122001  to  222122030
CH 432,06-05-2023 (9:00-12:00),Forenoon,4104,29,222122031  to  222122059
CH 433,07-05-2023 (9:00-12:00),Forenoon,2202,30,222122001  to  222122030
CH 433,07-05-2023 (9:00-12:00),Forenoon,2204,29,222122031  to  222122059
CH 437,09-05-2023 (9:00-12:00),Forenoon,3101,25,190122001  to  190122032
CH 437,09-05-2023 (9:00-12:00),Forenoon,3102,23,190122033  to  190122057
CH 438,08-05-2023 (9:00-12:00),Forenoon,3003,3,All Registered Students
CH 613,06-05-2023 (9:00-12:00),Forenoon,3101,25,212122001  to  212122042
CH 613,06-05-2023 (9:00-12:00),Forenoon,3102,23,"212122044  to  212122060 , 226122022  to  226159102"
CH 617,07-05-2023 (14:00-17:00),Afternoon,3003,19,All Registered Students
CH 618,12-05-2023 (14:00-17:00),Afternoon,3003,22,All Registered Students
CH 621,11-05-2023 (9:00-12:00),Forenoon,3101,22,212122001  to  212122026
CH 621,11-05-2023 (9:00-12:00),Forenoon,3102,21,"212122029  to  212122060 , 226122112"
CH 623,07-05-2023 (9:00-12:00),Forenoon,3003,19,All Registered Students
CH 627,10-05-2023 (14:00-17:00),Afternoon,4202,27,All Registered Students
CH 629,11-05-2023 (14:00-17:00),Afternoon,3202,10,All Registered Students
CH 631,09-05-2023 (9:00-12:00),Forenoon,3003,3,All Registered Students
CH 639,08-05-2023 (9:00-12:00),Forenoon,3202,25,All Registered Students
CH 644,11-05-2023 (9:00-12:00),Forenoon,3003,11,All Registered Students
CL 205,06-05-2023 (9:00-12:00),Forenoon,1002,32,210107001  to  210107039
CL 205,06-05-2023 (9:00-12:00),Forenoon,1003,32,210107040  to  210107074
CL 205,06-05-2023 (9:00-12:00),Forenoon,1005,29,210107075  to  210107104
CL 206,07-05-2023 (9:00-12:00),Forenoon,1002,32,210107001  to  210107039
CL 206,07-05-2023 (9:00-12:00),Forenoon,1003,32,210107040  to  210107074
CL 206,07-05-2023 (9:00-12:00),Forenoon,1005,29,210107075  to  210107104
CL 207,09-05-2023 (9:00-12:00),Forenoon,Deptt CC,94,All Registered Students
CL 208,08-05-2023 (9:00-12:00),Forenoon,1002,32,"180107015, 210107001  to  210107037"
CL 208,08-05-2023 (9:00-12:00),Forenoon,1003,32,210107039  to  210107073
CL 208,08-05-2023 (9:00-12:00),Forenoon,1005,30,210107074  to  210107104
CL 209,10-05-2023 (9:00-12:00),Forenoon,2201,35,Backloggers + 210107001  to  210107041
CL 209,10-05-2023 (9:00-12:00),Forenoon,2202,28,210107042  to  210107072
CL 209,10-05-2023 (9:00-12:00),Forenoon,2203,31,210107073  to  210107104
CL 304,08-05-2023 (14:00-17:00),Afternoon,3101,25,200107001  to  200107030
CL 304,08-05-2023 (14:00-17:00),Afternoon,3102,25,200107031  to  200107056
CL 304,08-05-2023 (14:00-17:00),Afternoon,3202,35,200107057  to  200107100
CL 305,06-05-2023 (14:00-17:00),Afternoon,3101,25,200107001  to  200107030
CL 305,06-05-2023 (14:00-17:00),Afternoon,3102,25,200107031  to  200107056
CL 305,06-05-2023 (14:00-17:00),Afternoon,3202,35,200107057  to  200107100
CL 306,09-05-2023 (14:00-17:00),Afternoon,3101,25,200107001  to  200107030
CL 306,09-05-2023 (14:00-17:00),Afternoon,3102,25,200107031  to  200107056
CL 306,09-05-2023 (14:00-17:00),Afternoon,3202,35,200107057  to  200107100
CL 503,09-05-2023 (14:00-17:00),Afternoon,1202,30,224107001  to  224107104
CL 503,09-05-2023 (14:00-17:00),Afternoon,1205,38,"224107105  to  224107214, 226154002"
CL 504,08-05-2023 (14:00-17:00),Afternoon,L3,35,224107001  to  224107109
CL 504,08-05-2023 (14:00-17:00),Afternoon,L4,32,224107110  to  224107214
CL 505,11-05-2023 (14:00-17:00),Afternoon,3202,28,All Registered Students
CL 506,06-05-2023 (14:00-17:00),Afternoon,3202,33,All Registered Students
CL 514,11-05-2023 (14:00-17:00),Afternoon,3202,26,All Registered Students
CL 612,11-05-2023 (14:00-17:00),Afternoon,L1,34,"170107054, 190101001  to  190101044"
CL 612,11-05-2023 (14:00-17:00),Afternoon,L2,38,190101046  to  190101107
CL 612,11-05-2023 (14:00-17:00),Afternoon,L3,38,190101111  to  190103036
CL 612,11-05-2023 (14:00-17:00),Afternoon,L4,38,190103037  to  190103109
CL 612,11-05-2023 (14:00-17:00),Afternoon,1G1,24,190103111  to  190104048
CL 612,11-05-2023 (14:00-17:00),Afternoon,1G2,24,190104049  to  190106040
CL 612,11-05-2023 (14:00-17:00),Afternoon,1201,30,190106042  to  190108061
CL 612,11-05-2023 (14:00-17:00),Afternoon,1202,30,190108062  to  190122046
CL 612,11-05-2023 (14:00-17:00),Afternoon,1205,33,"190122048  to  190123063, 200108021  to  200108040"
CL 617,12-05-2023 (9:00-12:00),Forenoon,L1,31,Backloggers + 190107001  to  190107034
CL 617,12-05-2023 (9:00-12:00),Forenoon,L2,34,190107036  to  190107075
CL 617,12-05-2023 (9:00-12:00),Forenoon,L3,28,"190107077  to  190107086, 224107003  to  224107214,
226107016  to  226151002"
CL 618,06-05-2023 (9:00-12:00),Forenoon,4201,27,Backloggers + 190107001  to  190107044
CL 618,06-05-2023 (9:00-12:00),Forenoon,4202,26,"190107045  to  190107086 , 226107001  to  226107015"
CL 622,12-05-2023 (9:00-12:00),Forenoon,3003,8,All Registered Students
CL 625,11-05-2023 (14:00-17:00),Afternoon,5001,23,190101009  to  190103090
CL 625,11-05-2023 (14:00-17:00),Afternoon,5002,20,"190103092  to  190123058, 200106056  to  200107085,
224107209  to  224159011, 226107003  to  226107015"
CL 626,07-05-2023 (9:00-12:00),Forenoon,3003,22,All Registered Students
CL 628,11-05-2023 (9:00-12:00),Forenoon,2201,37,Backloggers + 200107001  to  200107063
CL 628,11-05-2023 (9:00-12:00),Forenoon,2202,27,"200107064  to  200107099, 224107004  to  224107207 ,
226107008  to  226152008"
CL 633,09-05-2023 (9:00-12:00),Forenoon,4G1,24,190107001  to  190107044
CL 633,09-05-2023 (9:00-12:00),Forenoon,4G2,21,"190107045  to  190107084 , 224107206"
CL 643,11-05-2023 (9:00-12:00),Forenoon,Deptt CC,38,All Registered Students
CL 650,07-05-2023 (9:00-12:00),Forenoon,3101,23,190107001  to  190107026
CL 650,07-05-2023 (9:00-12:00),Forenoon,3102,23,190107027  to  190107056
CL 650,07-05-2023 (9:00-12:00),Forenoon,3202,30,"190107057  to  190107084, 224107008  to  224107213,
226107015"
CL 653,07-05-2023 (14:00-17:00),Afternoon,3101,25,"190107034  to  190107085, 200107004  to  200107100,
214107012, 224107002  to  224107026"
CL 653,07-05-2023 (14:00-17:00),Afternoon,3102,22,"224107027  to  224107214, 226107009"
CL 654,06-05-2023 (14:00-17:00),Afternoon,5003,21,All Registered Students
CS 205,06-05-2023 (9:00-12:00),Forenoon,L1,29,Backloggers + 210101001   to  210101029
CS 205,06-05-2023 (9:00-12:00),Forenoon,L2,34,210101030  to  210101063
CS 205,06-05-2023 (9:00-12:00),Forenoon,L3,34,210101064  to  210101097
CS 205,06-05-2023 (9:00-12:00),Forenoon,L4,33,"210101098  to  210101126, 226201001  to  226201004"
CS 206M,11-05-2023 (9:00-12:00),Forenoon,4201,25,210102004  to  210102114
CS 206M,11-05-2023 (9:00-12:00),Forenoon,4202,25,210102115  to  210150022
CS 207,07-05-2023 (9:00-12:00),Forenoon,2201,35,210101001  to  210101036
CS 207,07-05-2023 (9:00-12:00),Forenoon,2202,29,210101037  to  210101065
CS 207,07-05-2023 (9:00-12:00),Forenoon,2203,36,210101066  to  210101101
CS 207,07-05-2023 (9:00-12:00),Forenoon,2204,28,"210101102  to  210101126, 226201001  to  226201004"
CS 223,08-05-2023 (9:00-12:00),Forenoon,L1,32,Backloggers + 210101001  to  210101020
CS 223,08-05-2023 (9:00-12:00),Forenoon,L2,36,210101021  to  210101056
CS 223,08-05-2023 (9:00-12:00),Forenoon,L3,36,210101057  to  210101092
CS 223,08-05-2023 (9:00-12:00),Forenoon,L4,35,210101093  to  210123001
CS 223,08-05-2023 (9:00-12:00),Forenoon,1201,28,210123002  to  210123029
CS 223,08-05-2023 (9:00-12:00),Forenoon,1202,28,210123030  to  210123059
CS 223,08-05-2023 (9:00-12:00),Forenoon,1205,22,210123060  to  210123084
CS 245,09-05-2023 (9:00-12:00),Forenoon,L1,30,Backloggers + 210101001  to  210101024
CS 245,09-05-2023 (9:00-12:00),Forenoon,L2,34,210101025  to  210101058
CS 245,09-05-2023 (9:00-12:00),Forenoon,L3,33,210101059  to  210101091
CS 245,09-05-2023 (9:00-12:00),Forenoon,L4,33,210101092  to  210101124
CS 245,09-05-2023 (9:00-12:00),Forenoon,1201,27,210101125  to  210123025
CS 245,09-05-2023 (9:00-12:00),Forenoon,1202,27,210123026  to  210123054
CS 245,09-05-2023 (9:00-12:00),Forenoon,1205,32,"210123055  to  210123084, 224156011  to  224159020"
CS 345,10-05-2023 (14:00-17:00),Afternoon,2201,38,Backloggers + 200101001  to  200101034
CS 345,10-05-2023 (14:00-17:00),Afternoon,2202,30,200101036  to  200101066
CS 345,10-05-2023 (14:00-17:00),Afternoon,2203,38,200101067  to  200101104
CS 345,10-05-2023 (14:00-17:00),Afternoon,2204,26,"200101105  to  200121010, 210106017  to  210122041"
CS 350M,12-05-2023 (14:00-17:00),Afternoon,2201,35,200102008  to  200108011
CS 350M,12-05-2023 (14:00-17:00),Afternoon,2202,20,"200108016  to  200108073, 224156002  to  224156016,
226201001  to  226201004"
CS 361,09-05-2023 (14:00-17:00),Afternoon,2201,37,200101001  to  200101039
CS 361,09-05-2023 (14:00-17:00),Afternoon,2202,30,200101040  to  200101070
CS 361,09-05-2023 (14:00-17:00),Afternoon,2203,37,200101071  to  200101107
CS 361,09-05-2023 (14:00-17:00),Afternoon,2204,27,"200101108  to  200101125, 210103057  to  210122041,
224024009 , 224159010  to 224159011"
CS 503,06-05-2023 (9:00-12:00),Forenoon,4G1,4,All Registered Students
CS 509,11-05-2023 (9:00-12:00),Forenoon,3101,24,190101005  to  190102054
CS 509,11-05-2023 (9:00-12:00),Forenoon,3102,24,"190102060  to  190123070 , 200101001  to  200101062"
CS 509,11-05-2023 (9:00-12:00),Forenoon,3202,30,"200101063  to  200101125, 224101023 , 226123004"
CS 528,07-05-2023 (14:00-17:00),Afternoon,2101,25,"190101025  to  190101097, 200101001  to  200101021"
CS 528,07-05-2023 (14:00-17:00),Afternoon,2102,25,200101022  to  200101048
CS 528,07-05-2023 (14:00-17:00),Afternoon,2201,38,200101049  to  200101088
CS 528,07-05-2023 (14:00-17:00),Afternoon,2202,30,200101089  to  200101120
CS 528,07-05-2023 (14:00-17:00),Afternoon,2203,38,"200101121  to  200101125, 214156007, 224101001  to
224101039"
CS 528,07-05-2023 (14:00-17:00),Afternoon,2204,27,224101040  to  224156020
CS 549,06-05-2023 (14:00-17:00),Afternoon,L1,31,Backloggers + 190101002  to  190101044
CS 549,06-05-2023 (14:00-17:00),Afternoon,L2,36,190101045  to  190101100
CS 549,06-05-2023 (14:00-17:00),Afternoon,L3,36,"190101101  to  190101109, 200101002  to  200101122,
214156007, 216101106, 222123049, 224101005  to
224101049, 226101001  to  226101005"
CS 564,09-05-2023 (14:00-17:00),Afternoon,3003,22,All Registered Students
CS 570,08-05-2023 (14:00-17:00),Afternoon,3101,25,190101001  to  190101064
CS 570,08-05-2023 (14:00-17:00),Afternoon,3102,25,"190101065  to  190101108, 200101002  to  200101030"
CS 570,08-05-2023 (14:00-17:00),Afternoon,3202,34,"200101058  to  200101095, 224101007  to  224161018,
226101002  to  226155001, 226201002"
CS 577,11-05-2023 (9:00-12:00),Forenoon,L1,33,"180101026, 190101003  to  190101060"
CS 577,11-05-2023 (9:00-12:00),Forenoon,L2,37,190101061  to  190123064
CS 577,11-05-2023 (9:00-12:00),Forenoon,L3,37,200101003  to  200101054
CS 577,11-05-2023 (9:00-12:00),Forenoon,L4,36,200101056  to  200102040
CS 577,11-05-2023 (9:00-12:00),Forenoon,1G1,24,"200102042  to  200122030 , 224101001"
CS 577,11-05-2023 (9:00-12:00),Forenoon,1G2,24,224101002   to  224101029
CS 577,11-05-2023 (9:00-12:00),Forenoon,1201,28,224101030  to  224101057
CS 577,11-05-2023 (9:00-12:00),Forenoon,1205,35,"224101058  to  224161021, 226101001  to  226101005 ,
226201001  to  226201004"
DA 214,09-05-2023 (9:00-12:00),Forenoon,L1,26,All Registered Students
DA 221,06-05-2023 (9:00-12:00),Forenoon,1102,26,All Registered Students
DA 221M,11-05-2023 (9:00-12:00),Forenoon,1102,29,210101001  to  210102040
DA 221M,11-05-2023 (9:00-12:00),Forenoon,1103,26,"210103076  to  210123084, 222123049"
DA 243,10-05-2023 (14:00-17:00),Afternoon,L1,22,All Registered Students
DA 244,08-05-2023 (9:00-12:00),Forenoon,L4,26,All Registered Students
DA 526,06-05-2023 (14:00-17:00),Afternoon,2201,35,"190101008  to  190123069, 206141019, 210122053,
224101001  to  224101027"
DA 526,06-05-2023 (14:00-17:00),Afternoon,2202,29,224101029  to  224101061
DA 526,06-05-2023 (14:00-17:00),Afternoon,2203,35,224101062  to  224161006
DA 526,06-05-2023 (14:00-17:00),Afternoon,2204,25,"224161007  to  224161021, 224357008, 226102009  to
226150102"
DA 623,07-05-2023 (9:00-12:00),Forenoon,3101,27,Backloggers + 190101002  to  190101072
DA 623,07-05-2023 (9:00-12:00),Forenoon,3102,27,190101074  to  190102023
DA 623,07-05-2023 (9:00-12:00),Forenoon,3202,28,"190102050  to  190123040, 200121002  to  200121054,
206107032, 226102024, 226102024   to  226150102"
DA 671,11-05-2023 (14:00-17:00),Afternoon,2101,25,"186102113, 190101008  to  190101104"
DA 671,11-05-2023 (14:00-17:00),Afternoon,2102,25,190101105  to  190104090
DA 671,11-05-2023 (14:00-17:00),Afternoon,2201,37,190104091  to  190123062
DA 671,11-05-2023 (14:00-17:00),Afternoon,2202,30,"190123065  to  190123069, 200102008  to  200102116"
DA 671,11-05-2023 (14:00-17:00),Afternoon,2203,37,200104093  to  200123002
DA 671,11-05-2023 (14:00-17:00),Afternoon,2204,23,"200123006  to  200123081, 224156001  to  224156020,
226150005  to  226150102"
DD 203,11-05-2023 (9:00-12:00),Forenoon,1102,32,Backloggers + 210205001  to  210205030
DD 203,11-05-2023 (9:00-12:00),Forenoon,1103,30,210205031  to  210205060
DD 212,09-05-2023 (9:00-12:00),Forenoon,1102,32,Backloggers + 210205001  to  210205030
DD 212,09-05-2023 (9:00-12:00),Forenoon,1103,32,210205031  to  210205060
DD 213,08-05-2023 (9:00-12:00),Forenoon,1102,32,Backloggers + 210205001  to  210205030
DD 213,08-05-2023 (9:00-12:00),Forenoon,1103,30,210205031  to  210205060
DD 215,10-05-2023 (9:00-12:00),Forenoon,1201,28,210205001  to  210205028
DD 215,10-05-2023 (9:00-12:00),Forenoon,1205,32,210205029  to  210205060
DD 220M,11-05-2023 (9:00-12:00),Forenoon,1202,23,All Registered Students
DD 302,09-05-2023 (14:00-17:00),Afternoon,1G1,5,All Registered Students
DD 311,08-05-2023 (14:00-17:00),Afternoon,1102,30,Backloggers + 200205001  to  200205028
DD 311,08-05-2023 (14:00-17:00),Afternoon,1103,25,200205029  to  200205054
DD 312,12-05-2023 (14:00-17:00),Afternoon,1102,30,Backloggers + 200205001  to  200205030
DD 312,12-05-2023 (14:00-17:00),Afternoon,1103,23,200205031  to  200205054
DD 320M,12-05-2023 (14:00-17:00),Afternoon,L4,20,All Registered Students
DD 324,10-05-2023 (14:00-17:00),Afternoon,L4,8,All Registered Students
DD 411,06-05-2023 (9:00-12:00),Forenoon,1201,28,Backloggers + 190205001  to  190205027
DD 411,06-05-2023 (9:00-12:00),Forenoon,1202,27,190205028  to  190205056
DD 509,11-05-2023 (9:00-12:00),Forenoon,1002,30,224205001  to  224209002
DD 509,11-05-2023 (9:00-12:00),Forenoon,1003,29,"224209003  to  224209029, 226105002  to  226105005"
DD 517,10-05-2023 (9:00-12:00),Forenoon,1201,2,All Registered Students
DD 521,09-05-2023 (9:00-12:00),Forenoon,1G1,22,200205002  to  200205036
DD 521,09-05-2023 (9:00-12:00),Forenoon,1G2,18,"200205037  to  200205054, 224205004  to  224205026"
DD 523,09-05-2023 (9:00-12:00),Forenoon,1G1,14,All Registered Students
DD 532,07-05-2023 (9:00-12:00),Forenoon,1102,32,"180205037, 190205001  to  190205031"
DD 532,07-05-2023 (9:00-12:00),Forenoon,1103,31,"190205032  to  190205056, 214205002  to  214205028,
226105101"
DD 536,06-05-2023 (9:00-12:00),Forenoon,1202,1,All Registered Students
DD 547,09-05-2023 (9:00-12:00),Forenoon,1103,30,All Registered Students
DD 548,10-05-2023 (9:00-12:00),Forenoon,1205,30,All Registered Students
DD 549,08-05-2023 (14:00-17:00),Afternoon,1005,29,All Registered Students
DD 552,12-05-2023 (9:00-12:00),Forenoon,1201,9,All Registered Students
DD 554,12-05-2023 (9:00-12:00),Forenoon,1202,8,All Registered Students
DD 555,06-05-2023 (9:00-12:00),Forenoon,1102,15,All Registered Students
DD 557,07-05-2023 (9:00-12:00),Forenoon,L2,9,All Registered Students
DD 606,11-05-2023 (9:00-12:00),Forenoon,1G2,1,All Registered Students
DD 607,07-05-2023 (9:00-12:00),Forenoon,L1,2,All Registered Students
DD 705,08-05-2023 (9:00-12:00),Forenoon,1G1,7,All Registered Students
DM 503,06-05-2023 (9:00-12:00),Forenoon,4G2,6,All Registered Students
DM 504,07-05-2023 (9:00-12:00),Forenoon,4101,5,All Registered Students
DM 514,08-05-2023 (9:00-12:00),Forenoon,1G2,6,All Registered Students
DM 515,10-05-2023 (9:00-12:00),Forenoon,L1,7,All Registered Students
EE 206,06-05-2023 (9:00-12:00),Forenoon,L1,31,Backloggers + 210102001  to  210102034
EE 206,06-05-2023 (9:00-12:00),Forenoon,L2,36,210102035  to  210102080
EE 206,06-05-2023 (9:00-12:00),Forenoon,L3,35,210102081  to  210102118
EE 206,06-05-2023 (9:00-12:00),Forenoon,L4,35,210102119  to  210108030
EE 206,06-05-2023 (9:00-12:00),Forenoon,1G1,24,210108031  to  210108057
EE 206,06-05-2023 (9:00-12:00),Forenoon,1G2,19,210108058  to  210108076
EE 213M,11-05-2023 (9:00-12:00),Forenoon,3202,28,All Registered Students
EE 230,07-05-2023 (9:00-12:00),Forenoon,L1,30,Backloggers + 210102001  to  210102032
EE 230,07-05-2023 (9:00-12:00),Forenoon,L2,36,210102033  to  210102077
EE 230,07-05-2023 (9:00-12:00),Forenoon,L3,36,210102078  to  210102117
EE 230,07-05-2023 (9:00-12:00),Forenoon,L4,35,210102118  to  210108028
EE 230,07-05-2023 (9:00-12:00),Forenoon,1G1,22,210108030  to  210108052
EE 230,07-05-2023 (9:00-12:00),Forenoon,1G2,22,210108054  to  210108076
EE 250,09-05-2023 (9:00-12:00),Forenoon,2101,25,Backloggers + 210102001  to  210102028
EE 250,09-05-2023 (9:00-12:00),Forenoon,2102,25,210102029  to  210102057
EE 250,09-05-2023 (9:00-12:00),Forenoon,2201,36,210102060  to  210102103
EE 250,09-05-2023 (9:00-12:00),Forenoon,2202,30,210102104  to  210108003
EE 250,09-05-2023 (9:00-12:00),Forenoon,2203,36,210108004  to  210108047
EE 250,09-05-2023 (9:00-12:00),Forenoon,2204,27,210108048  to  210108076
EE 252,08-05-2023 (9:00-12:00),Forenoon,2101,25,Backloggers + 210102001  to  210102029
EE 252,08-05-2023 (9:00-12:00),Forenoon,2102,25,210102030  to  210102060
EE 252,08-05-2023 (9:00-12:00),Forenoon,2201,37,210102061  to  210102104
EE 252,08-05-2023 (9:00-12:00),Forenoon,2202,30,210102105  to  210108004
EE 252,08-05-2023 (9:00-12:00),Forenoon,2203,36,210108005  to  210108048
EE 252,08-05-2023 (9:00-12:00),Forenoon,2204,28,"210108049  to  210108076 , X220103122 , x220103124"
EE 322M,12-05-2023 (14:00-17:00),Afternoon,L1,31,All Registered Students
EE 332,06-05-2023 (14:00-17:00),Afternoon,2101,25,Backloggers + 200102001  to  200102025
EE 332,06-05-2023 (14:00-17:00),Afternoon,2102,25,200102026  to  200102052
EE 332,06-05-2023 (14:00-17:00),Afternoon,2203,37,200102053  to  200102090
EE 332,06-05-2023 (14:00-17:00),Afternoon,2204,27,200102091  to  200102118
EE 334,07-05-2023 (14:00-17:00),Afternoon,2101,25,Backloggers + 200102001  to  200102024
EE 334,07-05-2023 (14:00-17:00),Afternoon,2102,25,200102025  to  200102051
EE 334,07-05-2023 (14:00-17:00),Afternoon,2201,37,200102052  to  200102089
EE 334,07-05-2023 (14:00-17:00),Afternoon,2202,29,200102090  to  200102118
EE 335,09-05-2023 (14:00-17:00),Afternoon,5001,28,Backloggers + 200102002  to  200102033
EE 335,09-05-2023 (14:00-17:00),Afternoon,5002,28,200102034  to  200102068
EE 335,09-05-2023 (14:00-17:00),Afternoon,5003,20,200102069  to  200102090
EE 335,09-05-2023 (14:00-17:00),Afternoon,5004,28,200102091  to  200108001
EE 335,09-05-2023 (14:00-17:00),Afternoon,5005,28,200108002  to  200108038
EE 335,09-05-2023 (14:00-17:00),Afternoon,5006,28,200108039  to  200108073
EE 336,08-05-2023 (14:00-17:00),Afternoon,5001,30,All Registered Students
EE 352,08-05-2023 (14:00-17:00),Afternoon,L1,34,Backloggers + 200102001  to  200102043
EE 352,08-05-2023 (14:00-17:00),Afternoon,L2,38,200102044  to  200102092
EE 352,08-05-2023 (14:00-17:00),Afternoon,L3,38,200102093  to  200108026
EE 352,08-05-2023 (14:00-17:00),Afternoon,L4,38,200108027  to  200108073
EE 360,06-05-2023 (14:00-17:00),Afternoon,2203,38,Backloggers + 200108001  to  200108041
EE 360,06-05-2023 (14:00-17:00),Afternoon,2204,30,200108042  to  200108073
EE 370,07-05-2023 (14:00-17:00),Afternoon,L3,36,Backloggers + 200108001  to  200108038
EE 370,07-05-2023 (14:00-17:00),Afternoon,L4,33,200108039  to  200108073
EE 390,10-05-2023 (14:00-17:00),Afternoon,L1,34,Backloggers + 200102001  to  200102034
EE 390,10-05-2023 (14:00-17:00),Afternoon,L2,38,200102035  to  200102073
EE 390,10-05-2023 (14:00-17:00),Afternoon,L3,38,200102074  to  200102112
EE 390,10-05-2023 (14:00-17:00),Afternoon,L4,38,200102113  to  200108036
EE 390,10-05-2023 (14:00-17:00),Afternoon,1201,30,200108037  to  200108068
EE 390,10-05-2023 (14:00-17:00),Afternoon,1202,30,"200108069  to  200108073, 222122042  to  222122047,
224102305  to  224159020"
EE 512,10-05-2023 (9:00-12:00),Forenoon,L2,30,All Registered Students
EE 515,11-05-2023 (9:00-12:00),Forenoon,2101,21,All Registered Students
EE 516,12-05-2023 (9:00-12:00),Forenoon,3003,19,All Registered Students
EE 522,10-05-2023 (9:00-12:00),Forenoon,L1,22,All Registered Students
EE 525,11-05-2023 (9:00-12:00),Forenoon,2102,24,All Registered Students
EE 526,12-05-2023 (9:00-12:00),Forenoon,3202,32,All Registered Students
EE 533,10-05-2023 (9:00-12:00),Forenoon,L1,23,All Registered Students
EE 535,11-05-2023 (9:00-12:00),Forenoon,2101,18,All Registered Students
EE 540,12-05-2023 (9:00-12:00),Forenoon,3003,14,All Registered Students
EE 549,11-05-2023 (9:00-12:00),Forenoon,2102,11,All Registered Students
EE 553,10-05-2023 (9:00-12:00),Forenoon,L3,13,All Registered Students
EE 554,11-05-2023 (9:00-12:00),Forenoon,2102,10,All Registered Students
EE 557,12-05-2023 (9:00-12:00),Forenoon,Deptt Lab,11,All Registered Students
EE 562,10-05-2023 (9:00-12:00),Forenoon,L4,21,All Registered Students
EE 580,11-05-2023 (9:00-12:00),Forenoon,2101,16,All Registered Students
EE 592,12-05-2023 (9:00-12:00),Forenoon,2101,20,All Registered Students
EE 595H,10-05-2023 (9:00-12:00),Forenoon,L2,19,All Registered Students
EE 602,08-05-2023 (14:00-17:00),Afternoon,L3,35,Backloggers + 190102003  to  190102100
EE 602,08-05-2023 (14:00-17:00),Afternoon,L4,34,"190102104  to  190108064 , 196103007 , 206103023 ,
226302001"
EE 613,11-05-2023 (14:00-17:00),Afternoon,5004,11,All Registered Students
EE 620,11-05-2023 (14:00-17:00),Afternoon,2201,35,190102001  to  190102083
EE 620,11-05-2023 (14:00-17:00),Afternoon,2202,28,190102084  to  190108069
EE 620,11-05-2023 (14:00-17:00),Afternoon,2203,29,"190108070  to  190108071, 224102301  to  224102511,
226102009  to  226150003"
EE 622,08-05-2023 (14:00-17:00),Afternoon,2201,32,All Registered Students
EE 624,06-05-2023 (14:00-17:00),Afternoon,1102,28,Backloggers + 190102010  to  190108050
EE 624,06-05-2023 (14:00-17:00),Afternoon,1103,25,"190108054  to  190108057, 224102301  to  224102324"
EE 626,09-05-2023 (14:00-17:00),Afternoon,L2,38,Backloggers + 190102001  to  190102065
EE 626,09-05-2023 (14:00-17:00),Afternoon,L3,38,190102066  to  190108007
EE 626,09-05-2023 (14:00-17:00),Afternoon,L4,37,"190108021  to  190108071, 224102001  to  224102511,
224358004, 226102008  to 226102022"
EE 632,07-05-2023 (14:00-17:00),Afternoon,3003,17,All Registered Students
EE 633,06-05-2023 (14:00-17:00),Afternoon,L1,34,190102001  to  190102096
EE 633,06-05-2023 (14:00-17:00),Afternoon,L2,36,"190102098  to  190108071, 224102001  to  224102019,
226102008"
EE 640,06-05-2023 (14:00-17:00),Afternoon,3003,7,All Registered Students
EE 643,07-05-2023 (14:00-17:00),Afternoon,3202,6,All Registered Students
EE 647,09-05-2023 (14:00-17:00),Afternoon,L1,26,All Registered Students
EE 665,06-05-2023 (14:00-17:00),Afternoon,1201,30,Backloggers + 190102008  to  190108004
EE 665,06-05-2023 (14:00-17:00),Afternoon,1202,30,190108005  to  190108051
EE 665,06-05-2023 (14:00-17:00),Afternoon,1205,32,"190108053  to  190108065, 224102101  to  224102510,
224351012  to  224351014, 226102101  to  226151105,
226302001"
EE 676,07-05-2023 (14:00-17:00),Afternoon,L1,31,Backloggers + 190102007  to  190102064
EE 676,07-05-2023 (14:00-17:00),Afternoon,L2,36,190102065  to  190108010
EE 676,07-05-2023 (14:00-17:00),Afternoon,L3,36,190108011  to  190108056
EE 676,07-05-2023 (14:00-17:00),Afternoon,L4,29,"190108057  to  190108070, 224102101  to  224102115,
226102101  to  226151105, 226302001"
EE 721,08-05-2023 (14:00-17:00),Afternoon,2102,6,All Registered Students
EN 667,09-05-2023 (9:00-12:00),Forenoon,3003,16,All Registered Students
EN 671,11-05-2023 (9:00-12:00),Forenoon,L1,31,"180106045, 190101015  to  190102042"
EN 671,11-05-2023 (9:00-12:00),Forenoon,L2,36,190102043  to  190103040
EN 671,11-05-2023 (9:00-12:00),Forenoon,L3,36,190103043  to  190104001
EN 671,11-05-2023 (9:00-12:00),Forenoon,L4,35,190104002  to  190107003
EN 671,11-05-2023 (9:00-12:00),Forenoon,1G1,24,190107004  to  190107042
EN 671,11-05-2023 (9:00-12:00),Forenoon,1201,30,190107043  to  190108005
EN 671,11-05-2023 (9:00-12:00),Forenoon,1202,30,190108009  to  190122035
EN 671,11-05-2023 (9:00-12:00),Forenoon,1205,34,"190122043  to  190123061, 224154002  to  224154010 ,
224351001  to  224351015, 226103106  to  226158101"
EN 674,08-05-2023 (14:00-17:00),Afternoon,1205,35,All Registered Students
EN 697,10-05-2023 (9:00-12:00),Forenoon,3003,15,All Registered Students
HS 116,12-05-2023 (9:00-12:00),Forenoon,2201,36,Backloggers + 210101030  to  210104040
HS 116,12-05-2023 (9:00-12:00),Forenoon,2202,29,210104047  to  210106081
HS 116,12-05-2023 (9:00-12:00),Forenoon,2203,32,"210106082  to  210123044, 210205001  to  210205015"
HS 125,12-05-2023 (9:00-12:00),Forenoon,L2,37,210101001  to  210103052
HS 125,12-05-2023 (9:00-12:00),Forenoon,L3,37,210103059  to  210107099
HS 125,12-05-2023 (9:00-12:00),Forenoon,L4,36,210108070  to  210150023
HS 128,12-05-2023 (9:00-12:00),Forenoon,2201,30,210101014  to  210102080
HS 128,12-05-2023 (9:00-12:00),Forenoon,2202,25,210102088  to  210104012
HS 128,12-05-2023 (9:00-12:00),Forenoon,2203,32,210104106  to  210123052
HS 128,12-05-2023 (9:00-12:00),Forenoon,2204,22,"210123054  to  210150014, 210205002  to  210205059"
HS 134,12-05-2023 (9:00-12:00),Forenoon,3101,24,Backloggers + 210101029  to  210106035
HS 134,12-05-2023 (9:00-12:00),Forenoon,3102,24,210106038  to  210121035
HS 134,12-05-2023 (9:00-12:00),Forenoon,3202,29,210121040  to  210205060
HS 135,12-05-2023 (9:00-12:00),Forenoon,L2,38,Backloggers + 210101013  to  210103024
HS 135,12-05-2023 (9:00-12:00),Forenoon,L3,38,210103035  to  210107039
HS 135,12-05-2023 (9:00-12:00),Forenoon,L4,34,"210107041  to  210150015, 210205040  to  210205056"
HS 136,12-05-2023 (9:00-12:00),Forenoon,2201,37,Backloggers + 210101009  to  210103122
HS 136,12-05-2023 (9:00-12:00),Forenoon,2202,30,210103124  to  210107042
HS 136,12-05-2023 (9:00-12:00),Forenoon,2203,32,210107043  to  210150012
HS 138,12-05-2023 (9:00-12:00),Forenoon,L1,33,210101002  to  210103057
HS 138,12-05-2023 (9:00-12:00),Forenoon,L3,36,210103087  to  210108067
HS 138,12-05-2023 (9:00-12:00),Forenoon,L4,34,"210108073  to  210150017, 210205010  to  210205055"
HS 155,12-05-2023 (9:00-12:00),Forenoon,1002,32,210101003  to  210102021
HS 155,12-05-2023 (9:00-12:00),Forenoon,1003,32,210102026  to  210108074
HS 155,12-05-2023 (9:00-12:00),Forenoon,1005,30,210121004  to  210150022
HS 156,12-05-2023 (9:00-12:00),Forenoon,2201,30,Backloggers + 210101025  to  210104042
HS 156,12-05-2023 (9:00-12:00),Forenoon,2202,25,210104050  to  210107011
HS 156,12-05-2023 (9:00-12:00),Forenoon,2203,32,210107021  to  210121053
HS 156,12-05-2023 (9:00-12:00),Forenoon,2204,23,"210121057  to  210150018, 210205019  to  210205057"
HS 161,12-05-2023 (9:00-12:00),Forenoon,L2,36,Backloggers + 210101016  to  210106033
HS 161,12-05-2023 (9:00-12:00),Forenoon,L4,35,"210106067  to  210122063, 210205004  to  210205042"
HS 207,12-05-2023 (14:00-17:00),Afternoon,2201,32,"180205001, 190101009  to  190103060"
HS 207,12-05-2023 (14:00-17:00),Afternoon,2202,28,190103094  to  190106042
HS 207,12-05-2023 (14:00-17:00),Afternoon,2203,32,190106049  to  190122009
HS 207,12-05-2023 (14:00-17:00),Afternoon,2204,24,190122010  to  190205054
HS 216,12-05-2023 (14:00-17:00),Afternoon,2201,37,190101001  to  190103104
HS 216,12-05-2023 (14:00-17:00),Afternoon,2202,30,190103105  to  190108020
HS 216,12-05-2023 (14:00-17:00),Afternoon,2203,33,190108033  to  190205052
HS 222,12-05-2023 (14:00-17:00),Afternoon,L1,30,"180107072, 180205037, 190101095  to  190121008"
HS 222,12-05-2023 (14:00-17:00),Afternoon,L2,21,"190121016  to  190123058, 190205019   to  190205055"
HS 232M,11-05-2023 (9:00-12:00),Forenoon,3003,7,All Registered Students
HS 233,12-05-2023 (14:00-17:00),Afternoon,L1,28,Backloggers + 190101038  to  190104036
HS 233,12-05-2023 (14:00-17:00),Afternoon,L2,22,190104038  to  190123061
HS 235,12-05-2023 (14:00-17:00),Afternoon,1G1,24,190101015  to  190122018
HS 235,12-05-2023 (14:00-17:00),Afternoon,1G2,16,"190122023  to  190123065, 190205001  to  190205049"
HS 239,12-05-2023 (14:00-17:00),Afternoon,1G1,24,190101006  to  190121005
HS 239,12-05-2023 (14:00-17:00),Afternoon,1G2,16,"190121010  to  190123071, 190205004"
HS 242,12-05-2023 (14:00-17:00),Afternoon,L2,37,190101002  to  190103062
HS 242,12-05-2023 (14:00-17:00),Afternoon,L3,37,190103078  to  190107008
HS 242,12-05-2023 (14:00-17:00),Afternoon,L4,35,"190107022  to  190123047, 190205005  to  190205056,
226141102"
HS 244,12-05-2023 (14:00-17:00),Afternoon,2202,28,190101008  to  190102101
HS 244,12-05-2023 (14:00-17:00),Afternoon,2203,32,190102102  to  190108030
HS 244,12-05-2023 (14:00-17:00),Afternoon,2204,21,"190108057  to  190123068, 190205008  to  190205028"
HS 248,12-05-2023 (14:00-17:00),Afternoon,1002,30,Backloggers + 190101020  to  190103026
HS 248,12-05-2023 (14:00-17:00),Afternoon,1003,30,190103029  to  190107009
HS 248,12-05-2023 (14:00-17:00),Afternoon,1005,28,"190107010  to  190123066, 190205007  to  190205050"
HS 251,12-05-2023 (14:00-17:00),Afternoon,1201,28,"180205041, 190101007  to  190102111"
HS 251,12-05-2023 (14:00-17:00),Afternoon,1202,28,190103048  to  190108037
HS 251,12-05-2023 (14:00-17:00),Afternoon,1205,27,190108041  to  190123070
HS 252,12-05-2023 (14:00-17:00),Afternoon,1201,28,Backloggers + 190101017  to  190104052
HS 252,12-05-2023 (14:00-17:00),Afternoon,1202,28,190104053  to  190108025
HS 252,12-05-2023 (14:00-17:00),Afternoon,1205,27,"190108032  to  190123008, 190205010  to  190205044"
HS 320M,12-05-2023 (14:00-17:00),Afternoon,2101,10,All Registered Students
HS 503,07-05-2023 (14:00-17:00),Afternoon,1102,25,222241002  to  222241032
HS 503,07-05-2023 (14:00-17:00),Afternoon,1103,25,"222241033  to  222241054, 226141102  to  226158101"
HS 506,07-05-2023 (9:00-12:00),Forenoon,3202,37,All Registered Students
HS 513,06-05-2023 (14:00-17:00),Afternoon,2102,2,All Registered Students
HS 517,09-05-2023 (9:00-12:00),Forenoon,2101,24,222241002  to  222241029
HS 517,09-05-2023 (9:00-12:00),Forenoon,2102,23,"222241031  to  222241054, 226141102  to  226149101"
HS 523,11-05-2023 (9:00-12:00),Forenoon,3101,24,222241002  to  222241029
HS 523,11-05-2023 (9:00-12:00),Forenoon,3102,21,222241031  to  222241054
HS 524,06-05-2023 (14:00-17:00),Afternoon,2201,30,222241002  to  222241036
HS 524,06-05-2023 (14:00-17:00),Afternoon,2202,22,"222241037  to  222241054, 226104116  to  226157102"
HS 525,08-05-2023 (9:00-12:00),Afternoon,2101,25,222241002  to  222241031
HS 525,08-05-2023 (9:00-12:00),Afternoon,2102,22,"222241032  to  222241054 , 226141102  to  226152101"
HS 551,10-05-2023 (14:00-17:00),Afternoon,2102,15,All Registered Students
HS 553,10-05-2023 (14:00-17:00),Afternoon,2102,4,All Registered Students
HS 556,08-05-2023 (9:00-12:00),Forenoon,3003,15,All Registered Students
HS 559,12-05-2023 (14:00-17:00),Afternoon,2101,6,All Registered Students
HS 561,12-05-2023 (9:00-12:00),Forenoon,2204,18,All Registered Students
HS 563,09-05-2023 (9:00-12:00),Forenoon,2101,5,All Registered Students
HS 564,06-05-2023 (14:00-17:00),Afternoon,2101,10,All Registered Students
HS 565,07-05-2023 (14:00-17:00),Afternoon,L1,9,All Registered Students
HS 603,08-05-2023 (14:00-17:00),Afternoon,2101,9,All Registered Students
HS 702,11-05-2023 (14:00-17:00),Afternoon,2101,1,All Registered Students
HS 703,08-05-2023 (9:00-12:00),Forenoon,3003,3,All Registered Students
HS 727,09-05-2023 (9:00-12:00),Forenoon,2102,1,All Registered Students
HS 734,10-05-2023 (9:00-12:00),Forenoon,L3,1,All Registered Students
HS 737,06-05-2023 (14:00-17:00),Afternoon,L4,1,All Registered Students
HS 745,07-05-2023 (14:00-17:00),Afternoon,3102,1,All Registered Students
HS 774,10-05-2023 (14:00-17:00),Afternoon,2101,3,All Registered Students
HT 601,08-05-2023 (9:00-12:00),Forenoon,L1,25,All Registered Students
HT 602,12-05-2023 (9:00-12:00),Forenoon,L1,21,All Registered Students
HT 603,06-05-2023 (9:00-12:00),Forenoon,3003,24,All Registered Students
IK 601,10-05-2023 (14:00-17:00),Afternoon,L2,6,All Registered Students
LS 501,07-05-2023 (14:00-17:00),Afternoon,3102,2,All Registered Students
MA 212M,11-05-2023 (9:00-12:00),Forenoon,2201,25,210101099  to  210107034
MA 212M,11-05-2023 (9:00-12:00),Forenoon,2202,15,210107036  to  210150012
MA 224,06-05-2023 (9:00-12:00),Forenoon,2201,30,210123001  to  210123030
MA 224,06-05-2023 (9:00-12:00),Forenoon,2202,25,210123031  to  210123057
MA 224,06-05-2023 (9:00-12:00),Forenoon,2203,24,210123058  to  210123084
MA 252,07-05-2023 (9:00-12:00),Forenoon,1201,25,210123001  to  210123025
MA 252,07-05-2023 (9:00-12:00),Forenoon,1202,25,210123026  to  210123052
MA 252,07-05-2023 (9:00-12:00),Forenoon,1205,29,210123053  to  210123084
MA 271,10-05-2023 (9:00-12:00),Forenoon,2201,32,Backloggers + 210106037  to  210123029
MA 271,10-05-2023 (9:00-12:00),Forenoon,2202,28,210123030  to  210123059
MA 271,10-05-2023 (9:00-12:00),Forenoon,2203,22,210123060  to  210123084
MA 312M,12-05-2023 (14:00-17:00),Afternoon,3101,24,200102018  to  200106043
MA 312M,12-05-2023 (14:00-17:00),Afternoon,3102,20,200106065  to  200122032
MA 322,08-05-2023 (14:00-17:00),Afternoon,1201,28,200123001  to  200123031
MA 322,08-05-2023 (14:00-17:00),Afternoon,1202,28,200123032  to  200123059
MA 322,08-05-2023 (14:00-17:00),Afternoon,1205,23,200123060  to  200123083
MA 324,07-05-2023 (14:00-17:00),Afternoon,2101,25,Backloggers + 200123001  to  200123027
MA 324,07-05-2023 (14:00-17:00),Afternoon,2102,25,200123028  to  200123052
MA 324,07-05-2023 (14:00-17:00),Afternoon,2203,30,200123053  to  200123083
MA 351,06-05-2023 (14:00-17:00),Afternoon,3101,25,200123001  to  200123028
MA 351,06-05-2023 (14:00-17:00),Afternoon,3102,25,200123029  to  200123053
MA 351,06-05-2023 (14:00-17:00),Afternoon,3202,29,200123054  to  200123083
MA 373,09-05-2023 (14:00-17:00),Afternoon,3101,25,200123001  to  200123028
MA 373,09-05-2023 (14:00-17:00),Afternoon,3102,25,200123029  to  200123053
MA 373,09-05-2023 (14:00-17:00),Afternoon,3202,29,200123054  to  200123083
MA 506,11-05-2023 (9:00-12:00),Forenoon,2203,30,Backloggers + 190102096  to  190123044
MA 506,11-05-2023 (9:00-12:00),Forenoon,2204,18,"190123049  to  190123069, 200121030 , 222123006  to
222123017"
MA 512,08-05-2023 (9:00-12:00),Forenoon,2203,34,Backloggers + 222123001  to  222123032
MA 512,08-05-2023 (9:00-12:00),Forenoon,2204,27,222123033  to  222123059
MA 519,06-05-2023 (14:00-17:00),Afternoon,2102,13,All Registered Students
MA 542,09-05-2023 (9:00-12:00),Forenoon,1002,30,222123001  to  222123030
MA 542,09-05-2023 (9:00-12:00),Forenoon,1003,29,222123031  to  222123059
MA 547,12-05-2023 (9:00-12:00),Forenoon,1201,28,222123001  to  222123028
MA 547,12-05-2023 (9:00-12:00),Forenoon,1205,31,222123029  to  222123059
MA 550,12-05-2023 (14:00-17:00),Afternoon,2102,26,All Registered Students
MA 571,08-05-2023 (14:00-17:00),Afternoon,L1,30,Backloggers + 212123001  to  212123029
MA 571,08-05-2023 (14:00-17:00),Afternoon,L2,30,212123030  to  212123060
MA 573,07-05-2023 (14:00-17:00),Afternoon,2201,35,"202123027  to  202123052 , 212123001  to  212123034"
MA 573,07-05-2023 (14:00-17:00),Afternoon,2202,25,212123035  to  212123060
MA 590,06-05-2023 (9:00-12:00),Forenoon,1002,32,"190102096, 190102108, 222123001  to  222123030"
MA 590,06-05-2023 (9:00-12:00),Forenoon,1003,29,222123031  to  222123059
MA 591,07-05-2023 (9:00-12:00),Forenoon,1102,30,222123001  to  222123030
MA 591,07-05-2023 (9:00-12:00),Forenoon,1103,29,222123031  to  222123059
MA 592,09-05-2023 (14:00-17:00),Afternoon,L1,28,Backloggers + 212123001  to  212123031
MA 592,09-05-2023 (14:00-17:00),Afternoon,L2,29,"212123033  to  212123060, 222123009  to 222123013,
226123012  to  226150101"
MA 594,09-05-2023 (9:00-12:00),Forenoon,3101,2,All Registered Students
MA 601,12-05-2023 (9:00-12:00),Forenoon,2101,23,Backloggers + 190123001  to  190123048
MA 601,12-05-2023 (9:00-12:00),Forenoon,2102,20,"190123053  to  190123071, 200123004  to  200123068,
212123032  to  212123055, 226123001  to  226123008"
MA 625,06-05-2023 (14:00-17:00),Afternoon,2101,9,All Registered Students
MA 641,11-05-2023 (14:00-17:00),Afternoon,2101,3,All Registered Students
MA 642,07-05-2023 (14:00-17:00),Afternoon,3202,7,All Registered Students
MA 653,11-05-2023 (9:00-12:00),Forenoon,2101,24,200123001  to  200123048
MA 653,11-05-2023 (9:00-12:00),Forenoon,2102,18,200123050  to  200123083
MA 654,10-05-2023 (14:00-17:00),Afternoon,2101,25,200123002  to  200123060
MA 654,10-05-2023 (14:00-17:00),Afternoon,2102,20,"200123062  to  200123076, 212123003  to  212123025,
224156008  to  224156019, 226123004  to  226123005,
226201003"
MA 662,08-05-2023 (14:00-17:00),Afternoon,2101,9,All Registered Students
MA 664,10-05-2023 (14:00-17:00),Afternoon,2101,5,All Registered Students
MA 668,07-05-2023 (14:00-17:00),Afternoon,L1,34,Backloggers + 190123001  to  190123034
MA 668,07-05-2023 (14:00-17:00),Afternoon,L2,35,190123035  to  190123071
MA 681,09-05-2023 (14:00-17:00),Afternoon,2101,4,All Registered Students
MA 726,11-05-2023 (9:00-12:00),Forenoon,1005,31,All Registered Students
MA 733,08-05-2023 (14:00-17:00),Afternoon,L1,1,All Registered Students
MA 761,09-05-2023 (14:00-17:00),Afternoon,2102,4,All Registered Students
ME 202M,11-05-2023 (9:00-12:00),Forenoon,L4,12,All Registered Students
ME 221,06-05-2023 (9:00-12:00),Forenoon,1G1,24,Backloggers + 210103002  to  210103027
ME 221,06-05-2023 (9:00-12:00),Forenoon,1G2,24,210103028  to  210103055
ME 221,06-05-2023 (9:00-12:00),Forenoon,1201,30,210103056  to  210103091
ME 221,06-05-2023 (9:00-12:00),Forenoon,1205,37,"210103092  to  210103134 , x220103124"
ME 222,07-05-2023 (9:00-12:00),Forenoon,L1,30,Backloggers + 210103002  to  210103034
ME 222,07-05-2023 (9:00-12:00),Forenoon,L2,30,210103035  to  210103068
ME 222,07-05-2023 (9:00-12:00),Forenoon,L3,30,210103070  to  210103107
ME 222,07-05-2023 (9:00-12:00),Forenoon,L4,27,"210103108  to  210103134, X220103122 , x220103123 ,
x220103124"
ME 223,08-05-2023 (9:00-12:00),Forenoon,L1,28,Backloggers + 210103002  to  210103028
ME 223,08-05-2023 (9:00-12:00),Forenoon,L2,31,210103030  to  210103063
ME 223,08-05-2023 (9:00-12:00),Forenoon,L3,31,210103065  to  210103099
ME 223,08-05-2023 (9:00-12:00),Forenoon,L4,28,210103100  to  210103134
ME 224,09-05-2023 (9:00-12:00),Forenoon,L1,28,Backloggers + 210103002  to  210103032
ME 224,09-05-2023 (9:00-12:00),Forenoon,L2,32,210103033  to  210103068
ME 224,09-05-2023 (9:00-12:00),Forenoon,L3,32,210103070  to  210103108
ME 224,09-05-2023 (9:00-12:00),Forenoon,L4,24,"210103109  to  210103134 , X220103122"
ME 302M,12-05-2023 (14:00-17:00),Afternoon,L3,22,All Registered Students
ME 321,06-05-2023 (14:00-17:00),Afternoon,1G1,22,Backloggers + 200103002  to  200103025
ME 321,06-05-2023 (14:00-17:00),Afternoon,1G2,22,200103026  to  200103050
ME 321,06-05-2023 (14:00-17:00),Afternoon,1201,27,200103051  to  200103083
ME 321,06-05-2023 (14:00-17:00),Afternoon,1202,27,200103084  to  200103111
ME 321,06-05-2023 (14:00-17:00),Afternoon,1205,25,200103112  to  200103136
ME 322,07-05-2023 (14:00-17:00),Afternoon,1G1,22,Backloggers + 200103002  to  200103023
ME 322,07-05-2023 (14:00-17:00),Afternoon,1G2,22,200103024  to  200103048
ME 322,07-05-2023 (14:00-17:00),Afternoon,1201,28,200103049  to  200103082
ME 322,07-05-2023 (14:00-17:00),Afternoon,1202,28,200103083  to  200103111
ME 322,07-05-2023 (14:00-17:00),Afternoon,1205,27,"200103112  to  200103136, x220103123 , x220103124"
ME 323,08-05-2023 (14:00-17:00),Afternoon,2201,36,200103002  to  200103043
ME 323,08-05-2023 (14:00-17:00),Afternoon,2202,28,200103044  to  200103075
ME 323,08-05-2023 (14:00-17:00),Afternoon,2203,36,200103076  to  200103114
ME 323,08-05-2023 (14:00-17:00),Afternoon,2204,23,"200103115  to  200103136, x220103123"
ME 324,09-05-2023 (14:00-17:00),Afternoon,2201,38,Backloggers + 200103002  to  200103038
ME 324,09-05-2023 (14:00-17:00),Afternoon,2202,30,200103040  to  200103074
ME 324,09-05-2023 (14:00-17:00),Afternoon,2203,38,200103075  to  200103115
ME 324,09-05-2023 (14:00-17:00),Afternoon,2204,22,"200103116  to  200103136, X220103122"
ME 325,11-05-2023 (14:00-17:00),Afternoon,L1,30,Backloggers + 200103002  to  200103032
ME 325,11-05-2023 (14:00-17:00),Afternoon,L2,35,200103033  to  200103074
ME 325,11-05-2023 (14:00-17:00),Afternoon,L3,34,200103075  to  200103111
ME 325,11-05-2023 (14:00-17:00),Afternoon,L4,27,"200103112  to  200103136, x220103123, x220103124"
ME 511,08-05-2023 (9:00-12:00),Forenoon,1205,37,All Registered Students
ME 513,07-05-2023 (9:00-12:00),Forenoon,1201,25,"200103115, 224103201  to  224103227"
ME 513,07-05-2023 (9:00-12:00),Forenoon,1202,25,"224103402  to  224103438, 226103101  to  226103108"
ME 522,10-05-2023 (14:00-17:00),Afternoon,1205,37,All Registered Students
ME 541,06-05-2023 (9:00-12:00),Forenoon,L4,25,All Registered Students
ME 542,07-05-2023 (9:00-12:00),Forenoon,1G1,22,224103001  to  224103332
ME 542,07-05-2023 (9:00-12:00),Forenoon,1G2,21,"224103334  to  224103439, 226103103  to  226123019"
ME 552,06-05-2023 (9:00-12:00),Forenoon,L1,33,All Registered Students
ME 553,12-05-2023 (9:00-12:00),Forenoon,1004,33,All Registered Students
ME 554,10-05-2023 (14:00-17:00),Afternoon,L4,16,All Registered Students
ME 605,10-05-2023 (14:00-17:00),Afternoon,1002,28,Backloggers + 224103101  to  224103219
ME 605,10-05-2023 (14:00-17:00),Afternoon,1003,28,224103221  to  224103423
ME 605,10-05-2023 (14:00-17:00),Afternoon,1005,21,"224103424  to  224103439, 226103002  to  226103109"
ME 607,08-05-2023 (9:00-12:00),Forenoon,1201,29,"Backloggers + 190103004  to  190103123, 224103101  to
224103112"
ME 607,08-05-2023 (9:00-12:00),Forenoon,1202,29,"224103409  to  224103439, 226103005"
ME 612,12-05-2023 (9:00-12:00),Forenoon,1002,32,"170103067, 190103002  to  190103051"
ME 612,12-05-2023 (9:00-12:00),Forenoon,1003,32,190103053  to  190103096
ME 612,12-05-2023 (9:00-12:00),Forenoon,1005,29,"190103097  to  190103124, 224103317  to  224103335"
ME 613,12-05-2023 (9:00-12:00),Forenoon,1202,25,All Registered Students
ME 615,09-05-2023 (9:00-12:00),Forenoon,5001,25,224103103  to  224103428
ME 615,09-05-2023 (9:00-12:00),Forenoon,5002,15,"224103429  to  224103439, 224363003, 226103103"
ME 619,08-05-2023 (9:00-12:00),Forenoon,1G1,22,224103002  to  224103314
ME 619,08-05-2023 (9:00-12:00),Forenoon,1G2,22,"224103316  to  224103335, 226103006  to  226123018"
ME 657,07-05-2023 (9:00-12:00),Forenoon,1205,25,All Registered Students
ME 670,09-05-2023 (9:00-12:00),Forenoon,1G2,6,All Registered Students
ME 682,11-05-2023 (14:00-17:00),Afternoon,L4,18,All Registered Students
ME 683,09-05-2023 (9:00-12:00),Forenoon,1102,24,All Registered Students
ME 688,06-05-2023 (9:00-12:00),Forenoon,2101,24,Backloggers + 200103002  to  200103025
ME 688,06-05-2023 (9:00-12:00),Forenoon,2102,24,200103026  to  200103054
ME 688,06-05-2023 (9:00-12:00),Forenoon,2201,37,200103055  to  200103098
ME 688,06-05-2023 (9:00-12:00),Forenoon,2203,37,"200103099  to  200103136 , 224103201"
ME 688,06-05-2023 (9:00-12:00),Forenoon,2204,28,"224103203  to  224103227 , 226103013  to  226103108"
ME 696,11-05-2023 (9:00-12:00),Forenoon,5001,28,Backloggers + 190102022  to  190103107
ME 696,11-05-2023 (9:00-12:00),Forenoon,5002,28,190103108  to  190122017
ME 696,11-05-2023 (9:00-12:00),Forenoon,5004,24,"190122019 , 224103008  to  224159014, 226103002  to
226156002"
PH 202,06-05-2023 (9:00-12:00),Forenoon,1202,29,Backloggers + 210121001  to  210121031
PH 202,06-05-2023 (9:00-12:00),Forenoon,1205,35,210121032  to  210121070
PH 204,07-05-2023 (9:00-12:00),Forenoon,L3,32,Backloggers + 210121001  to  210121035
PH 204,07-05-2023 (9:00-12:00),Forenoon,L4,32,"210121036  to  210121070, x220104117"
PH 206,08-05-2023 (9:00-12:00),Forenoon,L2,32,Backloggers + 210121001  to  210121035
PH 206,08-05-2023 (9:00-12:00),Forenoon,L3,31,210121036  to  210121070
PH 208,09-05-2023 (9:00-12:00),Forenoon,L3,33,Backloggers + 210121001  to  210121036
PH 208,09-05-2023 (9:00-12:00),Forenoon,L4,30,210121037  to  210121070
PH 282M,11-05-2023 (9:00-12:00),Forenoon,4201,6,All Registered Students
PH 302,06-05-2023 (14:00-17:00),Afternoon,4201,30,Backloggers + 200121001  to  200121032
PH 302,06-05-2023 (14:00-17:00),Afternoon,4202,28,200121033  to  200121066
PH 304,08-05-2023 (14:00-17:00),Afternoon,4001,30,Backloggers + 200121001  to  200121032
PH 304,08-05-2023 (14:00-17:00),Afternoon,4004,28,200121033  to  200121066
PH 306,07-05-2023 (14:00-17:00),Afternoon,4201,30,200121001  to  200121033
PH 306,07-05-2023 (14:00-17:00),Afternoon,4202,27,200121035  to  200121066
PH 308,09-05-2023 (14:00-17:00),Afternoon,L3,32,Backloggers + 200121001  to  200121032
PH 308,09-05-2023 (14:00-17:00),Afternoon,L4,28,200121033  to  200121066
PH 382M,12-05-2023 (14:00-17:00),Afternoon,4G1,6,All Registered Students
PH 402,12-05-2023 (9:00-12:00),Forenoon,4201,30,Backloggers + 222121001  to  222121029
PH 402,12-05-2023 (9:00-12:00),Forenoon,4202,27,222121030  to  222121056
PH 404,06-05-2023 (9:00-12:00),Forenoon,4101,29,"202121026 , 222121001  to  222121028"
PH 404,06-05-2023 (9:00-12:00),Forenoon,4104,28,222121029  to  222121056
PH 406,08-05-2023 (9:00-12:00),Forenoon,4201,28,222121001  to  222121028
PH 406,08-05-2023 (9:00-12:00),Forenoon,4202,28,222121029  to  222121056
PH 408,09-05-2023 (9:00-12:00),Forenoon,4101,29,Backloggers + 222121001  to  222121028
PH 408,09-05-2023 (9:00-12:00),Forenoon,4104,28,222121029  to  222121056
PH 410,07-05-2023 (9:00-12:00),Forenoon,4201,29,Backloggers + 222121001  to  222121027
PH 410,07-05-2023 (9:00-12:00),Forenoon,4202,29,222121028  to  222121056
PH 441,11-05-2023 (14:00-17:00),Afternoon,4201,26,200102001  to  200121047
PH 441,11-05-2023 (14:00-17:00),Afternoon,4202,23,"200121051  to  200122056, 206101105, 210103062  to
210121062, 212121029  to  212121047, 222121007"
PH 446,11-05-2023 (9:00-12:00),Forenoon,L1,31,Backloggers + 190101054  to  190103047
PH 446,11-05-2023 (9:00-12:00),Forenoon,L2,36,190103050  to  190107025
PH 446,11-05-2023 (9:00-12:00),Forenoon,L3,31,"190107036  to  190123071, 200108053, 224156004"
PH 458,12-05-2023 (9:00-12:00),Forenoon,4G1,23,Backloggers + 190121003  to  190121034
PH 458,12-05-2023 (9:00-12:00),Forenoon,4G2,20,190121035  to  190121061
PH 462,07-05-2023 (9:00-12:00),Forenoon,4G2,6,All Registered Students
PH 463,06-05-2023 (9:00-12:00),Forenoon,4G2,12,All Registered Students
PH 464,08-05-2023 (9:00-12:00),Forenoon,4201,26,Backloggers + 190121002  to  190121033
PH 464,08-05-2023 (9:00-12:00),Forenoon,4202,25,"190121034  to  190121061 , 224156004"
PH 466,09-05-2023 (9:00-12:00),Forenoon,4201,28,190121002  to  190121041
PH 466,09-05-2023 (9:00-12:00),Forenoon,4202,21,"190121043  to  190121062, 200121018  to 200121066"
PH 523,06-05-2023 (14:00-17:00),Afternoon,L4,38,All Registered Students
PH 527,08-05-2023 (14:00-17:00),Afternoon,3101,25,190121004  to  190121049
PH 527,08-05-2023 (14:00-17:00),Afternoon,3102,25,"190121050  to  190121062, 202121017 , 212121001  to
212121017"
PH 527,08-05-2023 (14:00-17:00),Afternoon,3202,37,"212121018  to  212121060, 226102004  to  226153003"
PH 534,12-05-2023 (14:00-17:00),Afternoon,4G1,10,All Registered Students
PH 542,09-05-2023 (14:00-17:00),Afternoon,4G2,24,All Registered Students
PH 544,11-05-2023 (14:00-17:00),Afternoon,4201,24,All Registered Students
PH 548,07-05-2023 (14:00-17:00),Afternoon,4G2,19,All Registered Students
PH 702,08-05-2023 (14:00-17:00),Afternoon,4G2,7,All Registered Students
PH 704,09-05-2023 (14:00-17:00),Afternoon,4101,13,All Registered Students
PH 706,10-05-2023 (14:00-17:00),Afternoon,3202,31,All Registered Students
RA 505,06-05-2023 (9:00-12:00),Forenoon,L1,25,All Registered Students
RA 506,07-05-2023 (9:00-12:00),Forenoon,4G2,22,All Registered Students
RA 602,12-05-2023 (14:00-17:00),Afternoon,L1,25,All Registered Students
RA 602,12-05-2023 (14:00-17:00),Afternoon,L2,19,All Registered Students
RT 512,09-05-2023 (9:00-12:00),Forenoon,L1,11,All Registered Students
RT 514,08-05-2023 (9:00-12:00),Forenoon,L4,12,All Registered Students
RT 517,06-05-2023 (9:00-12:00),Forenoon,4G1,13,All Registered Students
RT 520,07-05-2023 (9:00-12:00),Forenoon,4G1,12,All Registered Students